일시,도서명,지점명,재고수량
2026-07-20 20:03:01,폐놀이공원의 살인,광화문,3
2026-07-20 20:03:01,폐놀이공원의 살인,가든파이브,0
2026-07-20 20:03:01,폐놀이공원의 살인,강남,1
2026-07-20 20:03:01,폐놀이공원의 살인,건대,1
2026-07-20 20:03:01,폐놀이공원의 살인,동대문,1
2026-07-20 20:03:01,폐놀이공원의 살인,목동,2
2026-07-20 20:03:01,폐놀이공원의 살인,서울대,0
2026-07-20 20:03:01,폐놀이공원의 살인,수유,1
2026-07-20 20:03:01,폐놀이공원의 살인,영등포,2
2026-07-20 20:03:01,폐놀이공원의 살인,원그로브점,1
2026-07-20 20:03:01,폐놀이공원의 살인,은평,0
2026-07-20 20:03:01,폐놀이공원의 살인,이화여대,0
2026-07-20 20:03:01,폐놀이공원의 살인,잠실,2
2026-07-20 20:03:01,폐놀이공원의 살인,천호,2
2026-07-20 20:03:01,폐놀이공원의 살인,청량리,2
2026-07-20 20:03:01,폐놀이공원의 살인,합정,0
2026-07-20 20:03:01,폐놀이공원의 살인,광교,2
2026-07-20 20:03:01,폐놀이공원의 살인,분당,1
2026-07-20 20:03:01,폐놀이공원의 살인,송도,0
2026-07-20 20:03:01,폐놀이공원의 살인,인천,0
2026-07-20 20:03:01,폐놀이공원의 살인,일산,2
2026-07-20 20:03:01,폐놀이공원의 살인,판교,0
2026-07-20 20:03:01,폐놀이공원의 살인,평촌,2
2026-07-20 20:03:01,폐놀이공원의 살인,경성대ㆍ부경대,0
2026-07-20 20:03:01,폐놀이공원의 살인,광주상무,1
2026-07-20 20:03:01,폐놀이공원의 살인,대구,0
2026-07-20 20:03:01,폐놀이공원의 살인,대전,0
2026-07-20 20:03:01,폐놀이공원의 살인,부산,22
2026-07-20 20:03:01,폐놀이공원의 살인,세종,1
2026-07-20 20:03:01,폐놀이공원의 살인,센텀시티,0
2026-07-20 20:03:01,폐놀이공원의 살인,울산,2
2026-07-20 20:03:01,폐놀이공원의 살인,전주,1
2026-07-20 20:03:01,폐놀이공원의 살인,창원,1
2026-07-20 20:03:01,폐놀이공원의 살인,천안,3
2026-07-20 20:03:01,폐놀이공원의 살인,칠곡,1
2026-07-20 20:03:01,폐놀이공원의 살인,해운대 팝업스토어,0
2026-07-20 20:32:39,폐놀이공원의 살인,광화문,3
2026-07-20 20:32:39,폐놀이공원의 살인,가든파이브,0
2026-07-20 20:32:39,폐놀이공원의 살인,강남,1
2026-07-20 20:32:39,폐놀이공원의 살인,건대,1
2026-07-20 20:32:39,폐놀이공원의 살인,동대문,1
2026-07-20 20:32:39,폐놀이공원의 살인,목동,2
2026-07-20 20:32:39,폐놀이공원의 살인,서울대,0
2026-07-20 20:32:39,폐놀이공원의 살인,수유,1
2026-07-20 20:32:39,폐놀이공원의 살인,영등포,2
2026-07-20 20:32:39,폐놀이공원의 살인,원그로브점,1
2026-07-20 20:32:39,폐놀이공원의 살인,은평,0
2026-07-20 20:32:39,폐놀이공원의 살인,이화여대,0
2026-07-20 20:32:39,폐놀이공원의 살인,잠실,2
2026-07-20 20:32:39,폐놀이공원의 살인,천호,2
2026-07-20 20:32:39,폐놀이공원의 살인,청량리,2
2026-07-20 20:32:39,폐놀이공원의 살인,합정,0
2026-07-20 20:32:39,폐놀이공원의 살인,광교,2
2026-07-20 20:32:39,폐놀이공원의 살인,분당,1
2026-07-20 20:32:39,폐놀이공원의 살인,송도,0
2026-07-20 20:32:39,폐놀이공원의 살인,인천,0
2026-07-20 20:32:39,폐놀이공원의 살인,일산,2
2026-07-20 20:32:39,폐놀이공원의 살인,판교,0
2026-07-20 20:32:39,폐놀이공원의 살인,평촌,2
2026-07-20 20:32:39,폐놀이공원의 살인,경성대ㆍ부경대,0
2026-07-20 20:32:39,폐놀이공원의 살인,광주상무,1
2026-07-20 20:32:39,폐놀이공원의 살인,대구,0
2026-07-20 20:32:39,폐놀이공원의 살인,대전,0
2026-07-20 20:32:39,폐놀이공원의 살인,부산,21
2026-07-20 20:32:39,폐놀이공원의 살인,세종,1
2026-07-20 20:32:39,폐놀이공원의 살인,센텀시티,0
2026-07-20 20:32:39,폐놀이공원의 살인,울산,2
2026-07-20 20:32:39,폐놀이공원의 살인,전주,1
2026-07-20 20:32:39,폐놀이공원의 살인,창원,1
2026-07-20 20:32:39,폐놀이공원의 살인,천안,3
2026-07-20 20:32:39,폐놀이공원의 살인,칠곡,1
2026-07-20 20:32:39,폐놀이공원의 살인,해운대 팝업스토어,0
2026-07-20 20:35:22,폐놀이공원의 살인,광화문,3
2026-07-20 20:35:22,폐놀이공원의 살인,가든파이브,0
2026-07-20 20:35:22,폐놀이공원의 살인,강남,1
2026-07-20 20:35:22,폐놀이공원의 살인,건대,1
2026-07-20 20:35:22,폐놀이공원의 살인,동대문,1
2026-07-20 20:35:22,폐놀이공원의 살인,목동,2
2026-07-20 20:35:22,폐놀이공원의 살인,서울대,0
2026-07-20 20:35:22,폐놀이공원의 살인,수유,1
2026-07-20 20:35:22,폐놀이공원의 살인,영등포,2
2026-07-20 20:35:22,폐놀이공원의 살인,원그로브점,1
2026-07-20 20:35:22,폐놀이공원의 살인,은평,0
2026-07-20 20:35:22,폐놀이공원의 살인,이화여대,0
2026-07-20 20:35:22,폐놀이공원의 살인,잠실,2
2026-07-20 20:35:22,폐놀이공원의 살인,천호,2
2026-07-20 20:35:22,폐놀이공원의 살인,청량리,2
2026-07-20 20:35:22,폐놀이공원의 살인,합정,0
2026-07-20 20:35:22,폐놀이공원의 살인,광교,2
2026-07-20 20:35:22,폐놀이공원의 살인,분당,1
2026-07-20 20:35:22,폐놀이공원의 살인,송도,0
2026-07-20 20:35:22,폐놀이공원의 살인,인천,0
2026-07-20 20:35:22,폐놀이공원의 살인,일산,2
2026-07-20 20:35:22,폐놀이공원의 살인,판교,0
2026-07-20 20:35:22,폐놀이공원의 살인,평촌,2
2026-07-20 20:35:22,폐놀이공원의 살인,경성대ㆍ부경대,0
2026-07-20 20:35:22,폐놀이공원의 살인,광주상무,1
2026-07-20 20:35:22,폐놀이공원의 살인,대구,0
2026-07-20 20:35:22,폐놀이공원의 살인,대전,0
2026-07-20 20:35:22,폐놀이공원의 살인,부산,21
2026-07-20 20:35:22,폐놀이공원의 살인,세종,1
2026-07-20 20:35:22,폐놀이공원의 살인,센텀시티,0
2026-07-20 20:35:22,폐놀이공원의 살인,울산,2
2026-07-20 20:35:22,폐놀이공원의 살인,전주,1
2026-07-20 20:35:22,폐놀이공원의 살인,창원,1
2026-07-20 20:35:22,폐놀이공원의 살인,천안,3
2026-07-20 20:35:22,폐놀이공원의 살인,칠곡,1
2026-07-20 20:35:22,폐놀이공원의 살인,해운대 팝업스토어,0
2026-07-20 20:40:17,폐놀이공원의 살인,광화문,3
2026-07-20 20:40:17,폐놀이공원의 살인,가든파이브,0
2026-07-20 20:40:17,폐놀이공원의 살인,강남,1
2026-07-20 20:40:17,폐놀이공원의 살인,건대,1
2026-07-20 20:40:17,폐놀이공원의 살인,동대문,1
2026-07-20 20:40:17,폐놀이공원의 살인,목동,2
2026-07-20 20:40:17,폐놀이공원의 살인,서울대,0
2026-07-20 20:40:17,폐놀이공원의 살인,수유,1
2026-07-20 20:40:17,폐놀이공원의 살인,영등포,2
2026-07-20 20:40:17,폐놀이공원의 살인,원그로브점,1
2026-07-20 20:40:17,폐놀이공원의 살인,은평,0
2026-07-20 20:40:17,폐놀이공원의 살인,이화여대,0
2026-07-20 20:40:17,폐놀이공원의 살인,잠실,2
2026-07-20 20:40:17,폐놀이공원의 살인,천호,2
2026-07-20 20:40:17,폐놀이공원의 살인,청량리,2
2026-07-20 20:40:17,폐놀이공원의 살인,합정,0
2026-07-20 20:40:17,폐놀이공원의 살인,광교,2
2026-07-20 20:40:17,폐놀이공원의 살인,분당,1
2026-07-20 20:40:17,폐놀이공원의 살인,송도,0
2026-07-20 20:40:17,폐놀이공원의 살인,인천,0
2026-07-20 20:40:17,폐놀이공원의 살인,일산,2
2026-07-20 20:40:17,폐놀이공원의 살인,판교,0
2026-07-20 20:40:17,폐놀이공원의 살인,평촌,2
2026-07-20 20:40:17,폐놀이공원의 살인,경성대ㆍ부경대,0
2026-07-20 20:40:17,폐놀이공원의 살인,광주상무,1
2026-07-20 20:40:17,폐놀이공원의 살인,대구,0
2026-07-20 20:40:17,폐놀이공원의 살인,대전,0
2026-07-20 20:40:17,폐놀이공원의 살인,부산,21
2026-07-20 20:40:17,폐놀이공원의 살인,세종,1
2026-07-20 20:40:17,폐놀이공원의 살인,센텀시티,0
2026-07-20 20:40:17,폐놀이공원의 살인,울산,2
2026-07-20 20:40:17,폐놀이공원의 살인,전주,1
2026-07-20 20:40:17,폐놀이공원의 살인,창원,1
2026-07-20 20:40:17,폐놀이공원의 살인,천안,3
2026-07-20 20:40:17,폐놀이공원의 살인,칠곡,1
2026-07-20 20:40:17,폐놀이공원의 살인,해운대 팝업스토어,0
2026-07-20 20:46:09,폐놀이공원의 살인,광화문,3
2026-07-20 20:46:09,폐놀이공원의 살인,가든파이브,0
2026-07-20 20:46:09,폐놀이공원의 살인,강남,1
2026-07-20 20:46:09,폐놀이공원의 살인,건대,1
2026-07-20 20:46:09,폐놀이공원의 살인,동대문,1
2026-07-20 20:46:09,폐놀이공원의 살인,목동,2
2026-07-20 20:46:09,폐놀이공원의 살인,서울대,0
2026-07-20 20:46:09,폐놀이공원의 살인,수유,1
2026-07-20 20:46:09,폐놀이공원의 살인,영등포,2
2026-07-20 20:46:09,폐놀이공원의 살인,원그로브점,1
2026-07-20 20:46:09,폐놀이공원의 살인,은평,0
2026-07-20 20:46:09,폐놀이공원의 살인,이화여대,0
2026-07-20 20:46:09,폐놀이공원의 살인,잠실,2
2026-07-20 20:46:09,폐놀이공원의 살인,천호,2
2026-07-20 20:46:09,폐놀이공원의 살인,청량리,2
2026-07-20 20:46:09,폐놀이공원의 살인,합정,0
2026-07-20 20:46:09,폐놀이공원의 살인,광교,2
2026-07-20 20:46:09,폐놀이공원의 살인,분당,1
2026-07-20 20:46:09,폐놀이공원의 살인,송도,0
2026-07-20 20:46:09,폐놀이공원의 살인,인천,0
2026-07-20 20:46:09,폐놀이공원의 살인,일산,2
2026-07-20 20:46:09,폐놀이공원의 살인,판교,0
2026-07-20 20:46:09,폐놀이공원의 살인,평촌,2
2026-07-20 20:46:09,폐놀이공원의 살인,경성대ㆍ부경대,0
2026-07-20 20:46:09,폐놀이공원의 살인,광주상무,1
2026-07-20 20:46:09,폐놀이공원의 살인,대구,0
2026-07-20 20:46:09,폐놀이공원의 살인,대전,0
2026-07-20 20:46:09,폐놀이공원의 살인,부산,21
2026-07-20 20:46:09,폐놀이공원의 살인,세종,1
2026-07-20 20:46:09,폐놀이공원의 살인,센텀시티,0
2026-07-20 20:46:09,폐놀이공원의 살인,울산,2
2026-07-20 20:46:09,폐놀이공원의 살인,전주,1
2026-07-20 20:46:09,폐놀이공원의 살인,창원,1
2026-07-20 20:46:09,폐놀이공원의 살인,천안,3
2026-07-20 20:46:09,폐놀이공원의 살인,칠곡,1
2026-07-20 20:46:09,폐놀이공원의 살인,해운대 팝업스토어,0
2026-07-20 20:50:21,폐놀이공원의 살인,광화문,3
2026-07-20 20:50:21,폐놀이공원의 살인,가든파이브,0
2026-07-20 20:50:21,폐놀이공원의 살인,강남,1
2026-07-20 20:50:21,폐놀이공원의 살인,건대,1
2026-07-20 20:50:21,폐놀이공원의 살인,동대문,1
2026-07-20 20:50:21,폐놀이공원의 살인,목동,2
2026-07-20 20:50:21,폐놀이공원의 살인,서울대,0
2026-07-20 20:50:21,폐놀이공원의 살인,수유,1
2026-07-20 20:50:21,폐놀이공원의 살인,영등포,2
2026-07-20 20:50:21,폐놀이공원의 살인,원그로브점,1
2026-07-20 20:50:21,폐놀이공원의 살인,은평,0
2026-07-20 20:50:21,폐놀이공원의 살인,이화여대,0
2026-07-20 20:50:21,폐놀이공원의 살인,잠실,2
2026-07-20 20:50:21,폐놀이공원의 살인,천호,2
2026-07-20 20:50:21,폐놀이공원의 살인,청량리,2
2026-07-20 20:50:21,폐놀이공원의 살인,합정,0
2026-07-20 20:50:21,폐놀이공원의 살인,광교,2
2026-07-20 20:50:21,폐놀이공원의 살인,분당,1
2026-07-20 20:50:21,폐놀이공원의 살인,송도,0
2026-07-20 20:50:21,폐놀이공원의 살인,인천,0
2026-07-20 20:50:21,폐놀이공원의 살인,일산,2
2026-07-20 20:50:21,폐놀이공원의 살인,판교,0
2026-07-20 20:50:21,폐놀이공원의 살인,평촌,2
2026-07-20 20:50:21,폐놀이공원의 살인,경성대ㆍ부경대,0
2026-07-20 20:50:21,폐놀이공원의 살인,광주상무,1
2026-07-20 20:50:21,폐놀이공원의 살인,대구,0
2026-07-20 20:50:21,폐놀이공원의 살인,대전,0
2026-07-20 20:50:21,폐놀이공원의 살인,부산,21
2026-07-20 20:50:21,폐놀이공원의 살인,세종,1
2026-07-20 20:50:21,폐놀이공원의 살인,센텀시티,0
2026-07-20 20:50:21,폐놀이공원의 살인,울산,2
2026-07-20 20:50:21,폐놀이공원의 살인,전주,1
2026-07-20 20:50:21,폐놀이공원의 살인,창원,1
2026-07-20 20:50:21,폐놀이공원의 살인,천안,3
2026-07-20 20:50:21,폐놀이공원의 살인,칠곡,1
2026-07-20 20:50:21,폐놀이공원의 살인,해운대 팝업스토어,0
2026-07-20 20:54:15,폐놀이공원의 살인,광화문,3
2026-07-20 20:54:15,폐놀이공원의 살인,가든파이브,0
2026-07-20 20:54:15,폐놀이공원의 살인,강남,1
2026-07-20 20:54:15,폐놀이공원의 살인,건대,1
2026-07-20 20:54:15,폐놀이공원의 살인,동대문,1
2026-07-20 20:54:15,폐놀이공원의 살인,목동,2
2026-07-20 20:54:15,폐놀이공원의 살인,서울대,0
2026-07-20 20:54:15,폐놀이공원의 살인,수유,1
2026-07-20 20:54:15,폐놀이공원의 살인,영등포,2
2026-07-20 20:54:15,폐놀이공원의 살인,원그로브점,1
2026-07-20 20:54:15,폐놀이공원의 살인,은평,0
2026-07-20 20:54:15,폐놀이공원의 살인,이화여대,0
2026-07-20 20:54:15,폐놀이공원의 살인,잠실,2
2026-07-20 20:54:15,폐놀이공원의 살인,천호,2
2026-07-20 20:54:15,폐놀이공원의 살인,청량리,2
2026-07-20 20:54:15,폐놀이공원의 살인,합정,0
2026-07-20 20:54:15,폐놀이공원의 살인,광교,2
2026-07-20 20:54:15,폐놀이공원의 살인,분당,1
2026-07-20 20:54:15,폐놀이공원의 살인,송도,0
2026-07-20 20:54:15,폐놀이공원의 살인,인천,0
2026-07-20 20:54:15,폐놀이공원의 살인,일산,2
2026-07-20 20:54:15,폐놀이공원의 살인,판교,0
2026-07-20 20:54:15,폐놀이공원의 살인,평촌,2
2026-07-20 20:54:15,폐놀이공원의 살인,경성대ㆍ부경대,0
2026-07-20 20:54:15,폐놀이공원의 살인,광주상무,1
2026-07-20 20:54:15,폐놀이공원의 살인,대구,0
2026-07-20 20:54:15,폐놀이공원의 살인,대전,0
2026-07-20 20:54:15,폐놀이공원의 살인,부산,21
2026-07-20 20:54:15,폐놀이공원의 살인,세종,1
2026-07-20 20:54:15,폐놀이공원의 살인,센텀시티,0
2026-07-20 20:54:15,폐놀이공원의 살인,울산,2
2026-07-20 20:54:15,폐놀이공원의 살인,전주,1
2026-07-20 20:54:15,폐놀이공원의 살인,창원,1
2026-07-20 20:54:15,폐놀이공원의 살인,천안,3
2026-07-20 20:54:15,폐놀이공원의 살인,칠곡,1
2026-07-20 20:54:15,폐놀이공원의 살인,해운대 팝업스토어,0
2026-07-20 21:00:35,폐놀이공원의 살인,광화문,3
2026-07-20 21:00:35,폐놀이공원의 살인,가든파이브,0
2026-07-20 21:00:35,폐놀이공원의 살인,강남,1
2026-07-20 21:00:35,폐놀이공원의 살인,건대,1
2026-07-20 21:00:35,폐놀이공원의 살인,동대문,1
2026-07-20 21:00:35,폐놀이공원의 살인,목동,2
2026-07-20 21:00:35,폐놀이공원의 살인,서울대,0
2026-07-20 21:00:35,폐놀이공원의 살인,수유,1
2026-07-20 21:00:35,폐놀이공원의 살인,영등포,2
2026-07-20 21:00:35,폐놀이공원의 살인,원그로브점,1
2026-07-20 21:00:35,폐놀이공원의 살인,은평,0
2026-07-20 21:00:35,폐놀이공원의 살인,이화여대,0
2026-07-20 21:00:35,폐놀이공원의 살인,잠실,2
2026-07-20 21:00:35,폐놀이공원의 살인,천호,2
2026-07-20 21:00:35,폐놀이공원의 살인,청량리,2
2026-07-20 21:00:35,폐놀이공원의 살인,합정,0
2026-07-20 21:00:35,폐놀이공원의 살인,광교,2
2026-07-20 21:00:35,폐놀이공원의 살인,분당,1
2026-07-20 21:00:35,폐놀이공원의 살인,송도,0
2026-07-20 21:00:35,폐놀이공원의 살인,인천,0
2026-07-20 21:00:35,폐놀이공원의 살인,일산,2
2026-07-20 21:00:35,폐놀이공원의 살인,판교,0
2026-07-20 21:00:35,폐놀이공원의 살인,평촌,2
2026-07-20 21:00:35,폐놀이공원의 살인,경성대ㆍ부경대,0
2026-07-20 21:00:35,폐놀이공원의 살인,광주상무,1
2026-07-20 21:00:35,폐놀이공원의 살인,대구,0
2026-07-20 21:00:35,폐놀이공원의 살인,대전,0
2026-07-20 21:00:35,폐놀이공원의 살인,부산,21
2026-07-20 21:00:35,폐놀이공원의 살인,세종,1
2026-07-20 21:00:35,폐놀이공원의 살인,센텀시티,0
2026-07-20 21:00:35,폐놀이공원의 살인,울산,2
2026-07-20 21:00:35,폐놀이공원의 살인,전주,1
2026-07-20 21:00:35,폐놀이공원의 살인,창원,1
2026-07-20 21:00:35,폐놀이공원의 살인,천안,3
2026-07-20 21:00:35,폐놀이공원의 살인,칠곡,1
2026-07-20 21:00:35,폐놀이공원의 살인,해운대 팝업스토어,0
2026-07-20 21:10:21,폐놀이공원의 살인,광화문,3
2026-07-20 21:10:21,폐놀이공원의 살인,가든파이브,0
2026-07-20 21:10:21,폐놀이공원의 살인,강남,1
2026-07-20 21:10:21,폐놀이공원의 살인,건대,1
2026-07-20 21:10:21,폐놀이공원의 살인,동대문,1
2026-07-20 21:10:21,폐놀이공원의 살인,목동,2
2026-07-20 21:10:21,폐놀이공원의 살인,서울대,0
2026-07-20 21:10:21,폐놀이공원의 살인,수유,1
2026-07-20 21:10:21,폐놀이공원의 살인,영등포,2
2026-07-20 21:10:21,폐놀이공원의 살인,원그로브점,1
2026-07-20 21:10:21,폐놀이공원의 살인,은평,0
2026-07-20 21:10:21,폐놀이공원의 살인,이화여대,0
2026-07-20 21:10:21,폐놀이공원의 살인,잠실,2
2026-07-20 21:10:21,폐놀이공원의 살인,천호,2
2026-07-20 21:10:21,폐놀이공원의 살인,청량리,2
2026-07-20 21:10:21,폐놀이공원의 살인,합정,0
2026-07-20 21:10:21,폐놀이공원의 살인,광교,2
2026-07-20 21:10:21,폐놀이공원의 살인,분당,1
2026-07-20 21:10:21,폐놀이공원의 살인,송도,0
2026-07-20 21:10:21,폐놀이공원의 살인,인천,0
2026-07-20 21:10:21,폐놀이공원의 살인,일산,2
2026-07-20 21:10:21,폐놀이공원의 살인,판교,0
2026-07-20 21:10:21,폐놀이공원의 살인,평촌,2
2026-07-20 21:10:21,폐놀이공원의 살인,경성대ㆍ부경대,0
2026-07-20 21:10:21,폐놀이공원의 살인,광주상무,1
2026-07-20 21:10:21,폐놀이공원의 살인,대구,0
2026-07-20 21:10:21,폐놀이공원의 살인,대전,0
2026-07-20 21:10:21,폐놀이공원의 살인,부산,21
2026-07-20 21:10:21,폐놀이공원의 살인,세종,1
2026-07-20 21:10:21,폐놀이공원의 살인,센텀시티,0
2026-07-20 21:10:21,폐놀이공원의 살인,울산,2
2026-07-20 21:10:21,폐놀이공원의 살인,전주,1
2026-07-20 21:10:21,폐놀이공원의 살인,창원,1
2026-07-20 21:10:21,폐놀이공원의 살인,천안,3
2026-07-20 21:10:21,폐놀이공원의 살인,칠곡,1
2026-07-20 21:10:21,폐놀이공원의 살인,해운대 팝업스토어,0
2026-07-20 21:20:18,폐놀이공원의 살인,광화문,3
2026-07-20 21:20:18,폐놀이공원의 살인,가든파이브,0
2026-07-20 21:20:18,폐놀이공원의 살인,강남,1
2026-07-20 21:20:18,폐놀이공원의 살인,건대,1
2026-07-20 21:20:18,폐놀이공원의 살인,동대문,1
2026-07-20 21:20:18,폐놀이공원의 살인,목동,2
2026-07-20 21:20:18,폐놀이공원의 살인,서울대,0
2026-07-20 21:20:18,폐놀이공원의 살인,수유,1
2026-07-20 21:20:18,폐놀이공원의 살인,영등포,2
2026-07-20 21:20:18,폐놀이공원의 살인,원그로브점,1
2026-07-20 21:20:18,폐놀이공원의 살인,은평,0
2026-07-20 21:20:18,폐놀이공원의 살인,이화여대,0
2026-07-20 21:20:18,폐놀이공원의 살인,잠실,2
2026-07-20 21:20:18,폐놀이공원의 살인,천호,2
2026-07-20 21:20:18,폐놀이공원의 살인,청량리,2
2026-07-20 21:20:18,폐놀이공원의 살인,합정,0
2026-07-20 21:20:18,폐놀이공원의 살인,광교,2
2026-07-20 21:20:18,폐놀이공원의 살인,분당,1
2026-07-20 21:20:18,폐놀이공원의 살인,송도,0
2026-07-20 21:20:18,폐놀이공원의 살인,인천,0
2026-07-20 21:20:18,폐놀이공원의 살인,일산,2
2026-07-20 21:20:18,폐놀이공원의 살인,판교,0
2026-07-20 21:20:18,폐놀이공원의 살인,평촌,2
2026-07-20 21:20:18,폐놀이공원의 살인,경성대ㆍ부경대,0
2026-07-20 21:20:18,폐놀이공원의 살인,광주상무,1
2026-07-20 21:20:18,폐놀이공원의 살인,대구,0
2026-07-20 21:20:18,폐놀이공원의 살인,대전,0
2026-07-20 21:20:18,폐놀이공원의 살인,부산,21
2026-07-20 21:20:18,폐놀이공원의 살인,세종,1
2026-07-20 21:20:18,폐놀이공원의 살인,센텀시티,0
2026-07-20 21:20:18,폐놀이공원의 살인,울산,2
2026-07-20 21:20:18,폐놀이공원의 살인,전주,1
2026-07-20 21:20:18,폐놀이공원의 살인,창원,1
2026-07-20 21:20:18,폐놀이공원의 살인,천안,3
2026-07-20 21:20:18,폐놀이공원의 살인,칠곡,1
2026-07-20 21:20:18,폐놀이공원의 살인,해운대 팝업스토어,0
2026-07-20 21:30:23,폐놀이공원의 살인,광화문,3
2026-07-20 21:30:23,폐놀이공원의 살인,가든파이브,0
2026-07-20 21:30:23,폐놀이공원의 살인,강남,1
2026-07-20 21:30:23,폐놀이공원의 살인,건대,1
2026-07-20 21:30:23,폐놀이공원의 살인,동대문,1
2026-07-20 21:30:23,폐놀이공원의 살인,목동,2
2026-07-20 21:30:23,폐놀이공원의 살인,서울대,0
2026-07-20 21:30:23,폐놀이공원의 살인,수유,1
2026-07-20 21:30:23,폐놀이공원의 살인,영등포,2
2026-07-20 21:30:23,폐놀이공원의 살인,원그로브점,1
2026-07-20 21:30:23,폐놀이공원의 살인,은평,0
2026-07-20 21:30:23,폐놀이공원의 살인,이화여대,0
2026-07-20 21:30:23,폐놀이공원의 살인,잠실,2
2026-07-20 21:30:23,폐놀이공원의 살인,천호,2
2026-07-20 21:30:23,폐놀이공원의 살인,청량리,2
2026-07-20 21:30:23,폐놀이공원의 살인,합정,0
2026-07-20 21:30:23,폐놀이공원의 살인,광교,2
2026-07-20 21:30:23,폐놀이공원의 살인,분당,1
2026-07-20 21:30:23,폐놀이공원의 살인,송도,0
2026-07-20 21:30:23,폐놀이공원의 살인,인천,0
2026-07-20 21:30:23,폐놀이공원의 살인,일산,2
2026-07-20 21:30:23,폐놀이공원의 살인,판교,0
2026-07-20 21:30:23,폐놀이공원의 살인,평촌,2
2026-07-20 21:30:23,폐놀이공원의 살인,경성대ㆍ부경대,0
2026-07-20 21:30:23,폐놀이공원의 살인,광주상무,1
2026-07-20 21:30:23,폐놀이공원의 살인,대구,0
2026-07-20 21:30:23,폐놀이공원의 살인,대전,0
2026-07-20 21:30:23,폐놀이공원의 살인,부산,21
2026-07-20 21:30:23,폐놀이공원의 살인,세종,1
2026-07-20 21:30:23,폐놀이공원의 살인,센텀시티,0
2026-07-20 21:30:23,폐놀이공원의 살인,울산,2
2026-07-20 21:30:23,폐놀이공원의 살인,전주,1
2026-07-20 21:30:23,폐놀이공원의 살인,창원,1
2026-07-20 21:30:23,폐놀이공원의 살인,천안,3
2026-07-20 21:30:23,폐놀이공원의 살인,칠곡,1
2026-07-20 21:30:23,폐놀이공원의 살인,해운대 팝업스토어,0
2026-07-20 21:40:23,폐놀이공원의 살인,광화문,3
2026-07-20 21:40:23,폐놀이공원의 살인,가든파이브,0
2026-07-20 21:40:23,폐놀이공원의 살인,강남,1
2026-07-20 21:40:23,폐놀이공원의 살인,건대,1
2026-07-20 21:40:23,폐놀이공원의 살인,동대문,1
2026-07-20 21:40:23,폐놀이공원의 살인,목동,2
2026-07-20 21:40:23,폐놀이공원의 살인,서울대,0
2026-07-20 21:40:23,폐놀이공원의 살인,수유,1
2026-07-20 21:40:23,폐놀이공원의 살인,영등포,2
2026-07-20 21:40:23,폐놀이공원의 살인,원그로브점,1
2026-07-20 21:40:23,폐놀이공원의 살인,은평,0
2026-07-20 21:40:23,폐놀이공원의 살인,이화여대,0
2026-07-20 21:40:23,폐놀이공원의 살인,잠실,2
2026-07-20 21:40:23,폐놀이공원의 살인,천호,2
2026-07-20 21:40:23,폐놀이공원의 살인,청량리,2
2026-07-20 21:40:23,폐놀이공원의 살인,합정,0
2026-07-20 21:40:23,폐놀이공원의 살인,광교,2
2026-07-20 21:40:23,폐놀이공원의 살인,분당,1
2026-07-20 21:40:23,폐놀이공원의 살인,송도,0
2026-07-20 21:40:23,폐놀이공원의 살인,인천,0
2026-07-20 21:40:23,폐놀이공원의 살인,일산,2
2026-07-20 21:40:23,폐놀이공원의 살인,판교,0
2026-07-20 21:40:23,폐놀이공원의 살인,평촌,2
2026-07-20 21:40:23,폐놀이공원의 살인,경성대ㆍ부경대,0
2026-07-20 21:40:23,폐놀이공원의 살인,광주상무,1
2026-07-20 21:40:23,폐놀이공원의 살인,대구,0
2026-07-20 21:40:23,폐놀이공원의 살인,대전,0
2026-07-20 21:40:23,폐놀이공원의 살인,부산,21
2026-07-20 21:40:23,폐놀이공원의 살인,세종,1
2026-07-20 21:40:23,폐놀이공원의 살인,센텀시티,0
2026-07-20 21:40:23,폐놀이공원의 살인,울산,2
2026-07-20 21:40:23,폐놀이공원의 살인,전주,1
2026-07-20 21:40:23,폐놀이공원의 살인,창원,1
2026-07-20 21:40:23,폐놀이공원의 살인,천안,3
2026-07-20 21:40:23,폐놀이공원의 살인,칠곡,1
2026-07-20 21:40:23,폐놀이공원의 살인,해운대 팝업스토어,0
2026-07-20 21:50:22,폐놀이공원의 살인,광화문,3
2026-07-20 21:50:22,폐놀이공원의 살인,가든파이브,0
2026-07-20 21:50:22,폐놀이공원의 살인,강남,1
2026-07-20 21:50:22,폐놀이공원의 살인,건대,1
2026-07-20 21:50:22,폐놀이공원의 살인,동대문,1
2026-07-20 21:50:22,폐놀이공원의 살인,목동,2
2026-07-20 21:50:22,폐놀이공원의 살인,서울대,0
2026-07-20 21:50:22,폐놀이공원의 살인,수유,1
2026-07-20 21:50:22,폐놀이공원의 살인,영등포,2
2026-07-20 21:50:22,폐놀이공원의 살인,원그로브점,1
2026-07-20 21:50:22,폐놀이공원의 살인,은평,0
2026-07-20 21:50:22,폐놀이공원의 살인,이화여대,0
2026-07-20 21:50:22,폐놀이공원의 살인,잠실,2
2026-07-20 21:50:22,폐놀이공원의 살인,천호,2
2026-07-20 21:50:22,폐놀이공원의 살인,청량리,2
2026-07-20 21:50:22,폐놀이공원의 살인,합정,0
2026-07-20 21:50:22,폐놀이공원의 살인,광교,2
2026-07-20 21:50:22,폐놀이공원의 살인,분당,1
2026-07-20 21:50:22,폐놀이공원의 살인,송도,0
2026-07-20 21:50:22,폐놀이공원의 살인,인천,0
2026-07-20 21:50:22,폐놀이공원의 살인,일산,2
2026-07-20 21:50:22,폐놀이공원의 살인,판교,0
2026-07-20 21:50:22,폐놀이공원의 살인,평촌,2
2026-07-20 21:50:22,폐놀이공원의 살인,경성대ㆍ부경대,0
2026-07-20 21:50:22,폐놀이공원의 살인,광주상무,1
2026-07-20 21:50:22,폐놀이공원의 살인,대구,0
2026-07-20 21:50:22,폐놀이공원의 살인,대전,0
2026-07-20 21:50:22,폐놀이공원의 살인,부산,21
2026-07-20 21:50:22,폐놀이공원의 살인,세종,1
2026-07-20 21:50:22,폐놀이공원의 살인,센텀시티,0
2026-07-20 21:50:22,폐놀이공원의 살인,울산,2
2026-07-20 21:50:22,폐놀이공원의 살인,전주,1
2026-07-20 21:50:22,폐놀이공원의 살인,창원,1
2026-07-20 21:50:22,폐놀이공원의 살인,천안,3
2026-07-20 21:50:22,폐놀이공원의 살인,칠곡,1
2026-07-20 21:50:22,폐놀이공원의 살인,해운대 팝업스토어,0
2026-07-20 22:00:38,폐놀이공원의 살인,광화문,3
2026-07-20 22:00:38,폐놀이공원의 살인,가든파이브,0
2026-07-20 22:00:38,폐놀이공원의 살인,강남,1
2026-07-20 22:00:38,폐놀이공원의 살인,건대,1
2026-07-20 22:00:38,폐놀이공원의 살인,동대문,1
2026-07-20 22:00:38,폐놀이공원의 살인,목동,2
2026-07-20 22:00:38,폐놀이공원의 살인,서울대,0
2026-07-20 22:00:38,폐놀이공원의 살인,수유,1
2026-07-20 22:00:38,폐놀이공원의 살인,영등포,2
2026-07-20 22:00:38,폐놀이공원의 살인,원그로브점,1
2026-07-20 22:00:38,폐놀이공원의 살인,은평,0
2026-07-20 22:00:38,폐놀이공원의 살인,이화여대,0
2026-07-20 22:00:38,폐놀이공원의 살인,잠실,2
2026-07-20 22:00:38,폐놀이공원의 살인,천호,2
2026-07-20 22:00:38,폐놀이공원의 살인,청량리,2
2026-07-20 22:00:38,폐놀이공원의 살인,합정,0
2026-07-20 22:00:38,폐놀이공원의 살인,광교,2
2026-07-20 22:00:38,폐놀이공원의 살인,분당,1
2026-07-20 22:00:38,폐놀이공원의 살인,송도,0
2026-07-20 22:00:38,폐놀이공원의 살인,인천,0
2026-07-20 22:00:38,폐놀이공원의 살인,일산,2
2026-07-20 22:00:38,폐놀이공원의 살인,판교,0
2026-07-20 22:00:38,폐놀이공원의 살인,평촌,2
2026-07-20 22:00:38,폐놀이공원의 살인,경성대ㆍ부경대,0
2026-07-20 22:00:38,폐놀이공원의 살인,광주상무,1
2026-07-20 22:00:38,폐놀이공원의 살인,대구,0
2026-07-20 22:00:38,폐놀이공원의 살인,대전,0
2026-07-20 22:00:38,폐놀이공원의 살인,부산,21
2026-07-20 22:00:38,폐놀이공원의 살인,세종,1
2026-07-20 22:00:38,폐놀이공원의 살인,센텀시티,0
2026-07-20 22:00:38,폐놀이공원의 살인,울산,2
2026-07-20 22:00:38,폐놀이공원의 살인,전주,1
2026-07-20 22:00:38,폐놀이공원의 살인,창원,1
2026-07-20 22:00:38,폐놀이공원의 살인,천안,3
2026-07-20 22:00:38,폐놀이공원의 살인,칠곡,1
2026-07-20 22:00:38,폐놀이공원의 살인,해운대 팝업스토어,0
2026-07-20 22:10:20,폐놀이공원의 살인,광화문,3
2026-07-20 22:10:20,폐놀이공원의 살인,가든파이브,0
2026-07-20 22:10:20,폐놀이공원의 살인,강남,1
2026-07-20 22:10:20,폐놀이공원의 살인,건대,1
2026-07-20 22:10:20,폐놀이공원의 살인,동대문,1
2026-07-20 22:10:20,폐놀이공원의 살인,목동,2
2026-07-20 22:10:20,폐놀이공원의 살인,서울대,0
2026-07-20 22:10:20,폐놀이공원의 살인,수유,1
2026-07-20 22:10:20,폐놀이공원의 살인,영등포,2
2026-07-20 22:10:20,폐놀이공원의 살인,원그로브점,1
2026-07-20 22:10:20,폐놀이공원의 살인,은평,0
2026-07-20 22:10:20,폐놀이공원의 살인,이화여대,0
2026-07-20 22:10:20,폐놀이공원의 살인,잠실,2
2026-07-20 22:10:20,폐놀이공원의 살인,천호,2
2026-07-20 22:10:20,폐놀이공원의 살인,청량리,2
2026-07-20 22:10:20,폐놀이공원의 살인,합정,0
2026-07-20 22:10:20,폐놀이공원의 살인,광교,2
2026-07-20 22:10:20,폐놀이공원의 살인,분당,1
2026-07-20 22:10:20,폐놀이공원의 살인,송도,0
2026-07-20 22:10:20,폐놀이공원의 살인,인천,0
2026-07-20 22:10:20,폐놀이공원의 살인,일산,2
2026-07-20 22:10:20,폐놀이공원의 살인,판교,0
2026-07-20 22:10:20,폐놀이공원의 살인,평촌,2
2026-07-20 22:10:20,폐놀이공원의 살인,경성대ㆍ부경대,0
2026-07-20 22:10:20,폐놀이공원의 살인,광주상무,1
2026-07-20 22:10:20,폐놀이공원의 살인,대구,0
2026-07-20 22:10:20,폐놀이공원의 살인,대전,0
2026-07-20 22:10:20,폐놀이공원의 살인,부산,21
2026-07-20 22:10:20,폐놀이공원의 살인,세종,1
2026-07-20 22:10:20,폐놀이공원의 살인,센텀시티,0
2026-07-20 22:10:20,폐놀이공원의 살인,울산,2
2026-07-20 22:10:20,폐놀이공원의 살인,전주,1
2026-07-20 22:10:20,폐놀이공원의 살인,창원,1
2026-07-20 22:10:20,폐놀이공원의 살인,천안,3
2026-07-20 22:10:20,폐놀이공원의 살인,칠곡,1
2026-07-20 22:10:20,폐놀이공원의 살인,해운대 팝업스토어,0
2026-07-20 22:20:21,폐놀이공원의 살인,광화문,3
2026-07-20 22:20:21,폐놀이공원의 살인,가든파이브,0
2026-07-20 22:20:21,폐놀이공원의 살인,강남,1
2026-07-20 22:20:21,폐놀이공원의 살인,건대,1
2026-07-20 22:20:21,폐놀이공원의 살인,동대문,1
2026-07-20 22:20:21,폐놀이공원의 살인,목동,2
2026-07-20 22:20:21,폐놀이공원의 살인,서울대,0
2026-07-20 22:20:21,폐놀이공원의 살인,수유,1
2026-07-20 22:20:21,폐놀이공원의 살인,영등포,2
2026-07-20 22:20:21,폐놀이공원의 살인,원그로브점,1
2026-07-20 22:20:21,폐놀이공원의 살인,은평,0
2026-07-20 22:20:21,폐놀이공원의 살인,이화여대,0
2026-07-20 22:20:21,폐놀이공원의 살인,잠실,2
2026-07-20 22:20:21,폐놀이공원의 살인,천호,2
2026-07-20 22:20:21,폐놀이공원의 살인,청량리,2
2026-07-20 22:20:21,폐놀이공원의 살인,합정,0
2026-07-20 22:20:21,폐놀이공원의 살인,광교,2
2026-07-20 22:20:21,폐놀이공원의 살인,분당,1
2026-07-20 22:20:21,폐놀이공원의 살인,송도,0
2026-07-20 22:20:21,폐놀이공원의 살인,인천,0
2026-07-20 22:20:21,폐놀이공원의 살인,일산,2
2026-07-20 22:20:21,폐놀이공원의 살인,판교,0
2026-07-20 22:20:21,폐놀이공원의 살인,평촌,2
2026-07-20 22:20:21,폐놀이공원의 살인,경성대ㆍ부경대,0
2026-07-20 22:20:21,폐놀이공원의 살인,광주상무,1
2026-07-20 22:20:21,폐놀이공원의 살인,대구,0
2026-07-20 22:20:21,폐놀이공원의 살인,대전,0
2026-07-20 22:20:21,폐놀이공원의 살인,부산,21
2026-07-20 22:20:21,폐놀이공원의 살인,세종,1
2026-07-20 22:20:21,폐놀이공원의 살인,센텀시티,0
2026-07-20 22:20:21,폐놀이공원의 살인,울산,2
2026-07-20 22:20:21,폐놀이공원의 살인,전주,1
2026-07-20 22:20:21,폐놀이공원의 살인,창원,1
2026-07-20 22:20:21,폐놀이공원의 살인,천안,3
2026-07-20 22:20:21,폐놀이공원의 살인,칠곡,1
2026-07-20 22:20:21,폐놀이공원의 살인,해운대 팝업스토어,0
2026-07-21 09:00:36,폐놀이공원의 살인,광화문,3
2026-07-21 09:00:36,폐놀이공원의 살인,가든파이브,0
2026-07-21 09:00:36,폐놀이공원의 살인,강남,1
2026-07-21 09:00:36,폐놀이공원의 살인,건대,1
2026-07-21 09:00:36,폐놀이공원의 살인,동대문,1
2026-07-21 09:00:36,폐놀이공원의 살인,목동,2
2026-07-21 09:00:36,폐놀이공원의 살인,서울대,0
2026-07-21 09:00:36,폐놀이공원의 살인,수유,1
2026-07-21 09:00:36,폐놀이공원의 살인,영등포,2
2026-07-21 09:00:36,폐놀이공원의 살인,원그로브점,1
2026-07-21 09:00:36,폐놀이공원의 살인,은평,0
2026-07-21 09:00:36,폐놀이공원의 살인,이화여대,0
2026-07-21 09:00:36,폐놀이공원의 살인,잠실,2
2026-07-21 09:00:36,폐놀이공원의 살인,천호,2
2026-07-21 09:00:36,폐놀이공원의 살인,청량리,2
2026-07-21 09:00:36,폐놀이공원의 살인,합정,0
2026-07-21 09:00:36,폐놀이공원의 살인,광교,2
2026-07-21 09:00:36,폐놀이공원의 살인,분당,1
2026-07-21 09:00:36,폐놀이공원의 살인,송도,0
2026-07-21 09:00:36,폐놀이공원의 살인,인천,0
2026-07-21 09:00:36,폐놀이공원의 살인,일산,2
2026-07-21 09:00:36,폐놀이공원의 살인,판교,0
2026-07-21 09:00:36,폐놀이공원의 살인,평촌,2
2026-07-21 09:00:36,폐놀이공원의 살인,경성대ㆍ부경대,0
2026-07-21 09:00:36,폐놀이공원의 살인,광주상무,1
2026-07-21 09:00:36,폐놀이공원의 살인,대구,0
2026-07-21 09:00:36,폐놀이공원의 살인,대전,0
2026-07-21 09:00:36,폐놀이공원의 살인,부산,21
2026-07-21 09:00:36,폐놀이공원의 살인,세종,1
2026-07-21 09:00:36,폐놀이공원의 살인,센텀시티,0
2026-07-21 09:00:36,폐놀이공원의 살인,울산,2
2026-07-21 09:00:36,폐놀이공원의 살인,전주,1
2026-07-21 09:00:36,폐놀이공원의 살인,창원,1
2026-07-21 09:00:36,폐놀이공원의 살인,천안,3
2026-07-21 09:00:36,폐놀이공원의 살인,칠곡,1
2026-07-21 09:00:36,폐놀이공원의 살인,해운대 팝업스토어,0
2026-07-21 09:10:19,폐놀이공원의 살인,광화문,3
2026-07-21 09:10:19,폐놀이공원의 살인,가든파이브,0
2026-07-21 09:10:19,폐놀이공원의 살인,강남,1
2026-07-21 09:10:19,폐놀이공원의 살인,건대,1
2026-07-21 09:10:19,폐놀이공원의 살인,동대문,1
2026-07-21 09:10:19,폐놀이공원의 살인,목동,2
2026-07-21 09:10:19,폐놀이공원의 살인,서울대,0
2026-07-21 09:10:19,폐놀이공원의 살인,수유,1
2026-07-21 09:10:19,폐놀이공원의 살인,영등포,2
2026-07-21 09:10:19,폐놀이공원의 살인,원그로브점,1
2026-07-21 09:10:19,폐놀이공원의 살인,은평,0
2026-07-21 09:10:19,폐놀이공원의 살인,이화여대,0
2026-07-21 09:10:19,폐놀이공원의 살인,잠실,2
2026-07-21 09:10:19,폐놀이공원의 살인,천호,2
2026-07-21 09:10:19,폐놀이공원의 살인,청량리,2
2026-07-21 09:10:19,폐놀이공원의 살인,합정,0
2026-07-21 09:10:19,폐놀이공원의 살인,광교,2
2026-07-21 09:10:19,폐놀이공원의 살인,분당,1
2026-07-21 09:10:19,폐놀이공원의 살인,송도,0
2026-07-21 09:10:19,폐놀이공원의 살인,인천,0
2026-07-21 09:10:19,폐놀이공원의 살인,일산,2
2026-07-21 09:10:19,폐놀이공원의 살인,판교,0
2026-07-21 09:10:19,폐놀이공원의 살인,평촌,2
2026-07-21 09:10:19,폐놀이공원의 살인,경성대ㆍ부경대,0
2026-07-21 09:10:19,폐놀이공원의 살인,광주상무,1
2026-07-21 09:10:19,폐놀이공원의 살인,대구,0
2026-07-21 09:10:19,폐놀이공원의 살인,대전,0
2026-07-21 09:10:19,폐놀이공원의 살인,부산,21
2026-07-21 09:10:19,폐놀이공원의 살인,세종,1
2026-07-21 09:10:19,폐놀이공원의 살인,센텀시티,0
2026-07-21 09:10:19,폐놀이공원의 살인,울산,2
2026-07-21 09:10:19,폐놀이공원의 살인,전주,1
2026-07-21 09:10:19,폐놀이공원의 살인,창원,1
2026-07-21 09:10:19,폐놀이공원의 살인,천안,3
2026-07-21 09:10:19,폐놀이공원의 살인,칠곡,1
2026-07-21 09:10:19,폐놀이공원의 살인,해운대 팝업스토어,0
2026-07-21 09:20:18,폐놀이공원의 살인,광화문,3
2026-07-21 09:20:18,폐놀이공원의 살인,가든파이브,0
2026-07-21 09:20:18,폐놀이공원의 살인,강남,1
2026-07-21 09:20:18,폐놀이공원의 살인,건대,1
2026-07-21 09:20:18,폐놀이공원의 살인,동대문,1
2026-07-21 09:20:18,폐놀이공원의 살인,목동,2
2026-07-21 09:20:18,폐놀이공원의 살인,서울대,0
2026-07-21 09:20:18,폐놀이공원의 살인,수유,1
2026-07-21 09:20:18,폐놀이공원의 살인,영등포,2
2026-07-21 09:20:18,폐놀이공원의 살인,원그로브점,1
2026-07-21 09:20:18,폐놀이공원의 살인,은평,0
2026-07-21 09:20:18,폐놀이공원의 살인,이화여대,0
2026-07-21 09:20:18,폐놀이공원의 살인,잠실,2
2026-07-21 09:20:18,폐놀이공원의 살인,천호,2
2026-07-21 09:20:18,폐놀이공원의 살인,청량리,2
2026-07-21 09:20:18,폐놀이공원의 살인,합정,0
2026-07-21 09:20:18,폐놀이공원의 살인,광교,2
2026-07-21 09:20:18,폐놀이공원의 살인,분당,1
2026-07-21 09:20:18,폐놀이공원의 살인,송도,0
2026-07-21 09:20:18,폐놀이공원의 살인,인천,0
2026-07-21 09:20:18,폐놀이공원의 살인,일산,2
2026-07-21 09:20:18,폐놀이공원의 살인,판교,0
2026-07-21 09:20:18,폐놀이공원의 살인,평촌,2
2026-07-21 09:20:18,폐놀이공원의 살인,경성대ㆍ부경대,0
2026-07-21 09:20:18,폐놀이공원의 살인,광주상무,1
2026-07-21 09:20:18,폐놀이공원의 살인,대구,0
2026-07-21 09:20:18,폐놀이공원의 살인,대전,0
2026-07-21 09:20:18,폐놀이공원의 살인,부산,21
2026-07-21 09:20:18,폐놀이공원의 살인,세종,1
2026-07-21 09:20:18,폐놀이공원의 살인,센텀시티,0
2026-07-21 09:20:18,폐놀이공원의 살인,울산,2
2026-07-21 09:20:18,폐놀이공원의 살인,전주,1
2026-07-21 09:20:18,폐놀이공원의 살인,창원,1
2026-07-21 09:20:18,폐놀이공원의 살인,천안,3
2026-07-21 09:20:18,폐놀이공원의 살인,칠곡,1
2026-07-21 09:20:18,폐놀이공원의 살인,해운대 팝업스토어,0
2026-07-21 09:30:23,폐놀이공원의 살인,광화문,3
2026-07-21 09:30:23,폐놀이공원의 살인,가든파이브,0
2026-07-21 09:30:23,폐놀이공원의 살인,강남,1
2026-07-21 09:30:23,폐놀이공원의 살인,건대,1
2026-07-21 09:30:23,폐놀이공원의 살인,동대문,1
2026-07-21 09:30:23,폐놀이공원의 살인,목동,2
2026-07-21 09:30:23,폐놀이공원의 살인,서울대,0
2026-07-21 09:30:23,폐놀이공원의 살인,수유,1
2026-07-21 09:30:23,폐놀이공원의 살인,영등포,2
2026-07-21 09:30:23,폐놀이공원의 살인,원그로브점,1
2026-07-21 09:30:23,폐놀이공원의 살인,은평,0
2026-07-21 09:30:23,폐놀이공원의 살인,이화여대,0
2026-07-21 09:30:23,폐놀이공원의 살인,잠실,2
2026-07-21 09:30:23,폐놀이공원의 살인,천호,2
2026-07-21 09:30:23,폐놀이공원의 살인,청량리,2
2026-07-21 09:30:23,폐놀이공원의 살인,합정,0
2026-07-21 09:30:23,폐놀이공원의 살인,광교,2
2026-07-21 09:30:23,폐놀이공원의 살인,분당,1
2026-07-21 09:30:23,폐놀이공원의 살인,송도,0
2026-07-21 09:30:23,폐놀이공원의 살인,인천,0
2026-07-21 09:30:23,폐놀이공원의 살인,일산,2
2026-07-21 09:30:23,폐놀이공원의 살인,판교,0
2026-07-21 09:30:23,폐놀이공원의 살인,평촌,2
2026-07-21 09:30:23,폐놀이공원의 살인,경성대ㆍ부경대,0
2026-07-21 09:30:23,폐놀이공원의 살인,광주상무,1
2026-07-21 09:30:23,폐놀이공원의 살인,대구,0
2026-07-21 09:30:23,폐놀이공원의 살인,대전,0
2026-07-21 09:30:23,폐놀이공원의 살인,부산,21
2026-07-21 09:30:23,폐놀이공원의 살인,세종,1
2026-07-21 09:30:23,폐놀이공원의 살인,센텀시티,0
2026-07-21 09:30:23,폐놀이공원의 살인,울산,2
2026-07-21 09:30:23,폐놀이공원의 살인,전주,1
2026-07-21 09:30:23,폐놀이공원의 살인,창원,1
2026-07-21 09:30:23,폐놀이공원의 살인,천안,3
2026-07-21 09:30:23,폐놀이공원의 살인,칠곡,1
2026-07-21 09:30:23,폐놀이공원의 살인,해운대 팝업스토어,0
2026-07-21 09:40:17,폐놀이공원의 살인,광화문,3
2026-07-21 09:40:17,폐놀이공원의 살인,가든파이브,0
2026-07-21 09:40:17,폐놀이공원의 살인,강남,1
2026-07-21 09:40:17,폐놀이공원의 살인,건대,1
2026-07-21 09:40:17,폐놀이공원의 살인,동대문,1
2026-07-21 09:40:17,폐놀이공원의 살인,목동,2
2026-07-21 09:40:17,폐놀이공원의 살인,서울대,0
2026-07-21 09:40:17,폐놀이공원의 살인,수유,1
2026-07-21 09:40:17,폐놀이공원의 살인,영등포,2
2026-07-21 09:40:17,폐놀이공원의 살인,원그로브점,1
2026-07-21 09:40:17,폐놀이공원의 살인,은평,0
2026-07-21 09:40:17,폐놀이공원의 살인,이화여대,0
2026-07-21 09:40:17,폐놀이공원의 살인,잠실,2
2026-07-21 09:40:17,폐놀이공원의 살인,천호,2
2026-07-21 09:40:17,폐놀이공원의 살인,청량리,2
2026-07-21 09:40:17,폐놀이공원의 살인,합정,0
2026-07-21 09:40:17,폐놀이공원의 살인,광교,2
2026-07-21 09:40:17,폐놀이공원의 살인,분당,1
2026-07-21 09:40:17,폐놀이공원의 살인,송도,0
2026-07-21 09:40:17,폐놀이공원의 살인,인천,0
2026-07-21 09:40:17,폐놀이공원의 살인,일산,2
2026-07-21 09:40:17,폐놀이공원의 살인,판교,0
2026-07-21 09:40:17,폐놀이공원의 살인,평촌,2
2026-07-21 09:40:17,폐놀이공원의 살인,경성대ㆍ부경대,0
2026-07-21 09:40:17,폐놀이공원의 살인,광주상무,1
2026-07-21 09:40:17,폐놀이공원의 살인,대구,0
2026-07-21 09:40:17,폐놀이공원의 살인,대전,0
2026-07-21 09:40:17,폐놀이공원의 살인,부산,21
2026-07-21 09:40:17,폐놀이공원의 살인,세종,1
2026-07-21 09:40:17,폐놀이공원의 살인,센텀시티,0
2026-07-21 09:40:17,폐놀이공원의 살인,울산,2
2026-07-21 09:40:17,폐놀이공원의 살인,전주,1
2026-07-21 09:40:17,폐놀이공원의 살인,창원,1
2026-07-21 09:40:17,폐놀이공원의 살인,천안,3
2026-07-21 09:40:17,폐놀이공원의 살인,칠곡,1
2026-07-21 09:40:17,폐놀이공원의 살인,해운대 팝업스토어,0
2026-07-21 09:50:19,폐놀이공원의 살인,광화문,3
2026-07-21 09:50:19,폐놀이공원의 살인,가든파이브,0
2026-07-21 09:50:19,폐놀이공원의 살인,강남,1
2026-07-21 09:50:19,폐놀이공원의 살인,건대,1
2026-07-21 09:50:19,폐놀이공원의 살인,동대문,1
2026-07-21 09:50:19,폐놀이공원의 살인,목동,2
2026-07-21 09:50:19,폐놀이공원의 살인,서울대,0
2026-07-21 09:50:19,폐놀이공원의 살인,수유,1
2026-07-21 09:50:19,폐놀이공원의 살인,영등포,2
2026-07-21 09:50:19,폐놀이공원의 살인,원그로브점,1
2026-07-21 09:50:19,폐놀이공원의 살인,은평,0
2026-07-21 09:50:19,폐놀이공원의 살인,이화여대,0
2026-07-21 09:50:19,폐놀이공원의 살인,잠실,2
2026-07-21 09:50:19,폐놀이공원의 살인,천호,2
2026-07-21 09:50:19,폐놀이공원의 살인,청량리,2
2026-07-21 09:50:19,폐놀이공원의 살인,합정,0
2026-07-21 09:50:19,폐놀이공원의 살인,광교,2
2026-07-21 09:50:19,폐놀이공원의 살인,분당,1
2026-07-21 09:50:19,폐놀이공원의 살인,송도,0
2026-07-21 09:50:19,폐놀이공원의 살인,인천,0
2026-07-21 09:50:19,폐놀이공원의 살인,일산,2
2026-07-21 09:50:19,폐놀이공원의 살인,판교,0
2026-07-21 09:50:19,폐놀이공원의 살인,평촌,2
2026-07-21 09:50:19,폐놀이공원의 살인,경성대ㆍ부경대,0
2026-07-21 09:50:19,폐놀이공원의 살인,광주상무,1
2026-07-21 09:50:19,폐놀이공원의 살인,대구,0
2026-07-21 09:50:19,폐놀이공원의 살인,대전,0
2026-07-21 09:50:19,폐놀이공원의 살인,부산,21
2026-07-21 09:50:19,폐놀이공원의 살인,세종,1
2026-07-21 09:50:19,폐놀이공원의 살인,센텀시티,0
2026-07-21 09:50:19,폐놀이공원의 살인,울산,2
2026-07-21 09:50:19,폐놀이공원의 살인,전주,1
2026-07-21 09:50:19,폐놀이공원의 살인,창원,1
2026-07-21 09:50:19,폐놀이공원의 살인,천안,3
2026-07-21 09:50:19,폐놀이공원의 살인,칠곡,1
2026-07-21 09:50:19,폐놀이공원의 살인,해운대 팝업스토어,0
2026-07-21 10:00:32,폐놀이공원의 살인,광화문,3
2026-07-21 10:00:32,폐놀이공원의 살인,가든파이브,0
2026-07-21 10:00:32,폐놀이공원의 살인,강남,1
2026-07-21 10:00:32,폐놀이공원의 살인,건대,1
2026-07-21 10:00:32,폐놀이공원의 살인,동대문,1
2026-07-21 10:00:32,폐놀이공원의 살인,목동,2
2026-07-21 10:00:32,폐놀이공원의 살인,서울대,0
2026-07-21 10:00:32,폐놀이공원의 살인,수유,1
2026-07-21 10:00:32,폐놀이공원의 살인,영등포,2
2026-07-21 10:00:32,폐놀이공원의 살인,원그로브점,1
2026-07-21 10:00:32,폐놀이공원의 살인,은평,0
2026-07-21 10:00:32,폐놀이공원의 살인,이화여대,0
2026-07-21 10:00:32,폐놀이공원의 살인,잠실,2
2026-07-21 10:00:32,폐놀이공원의 살인,천호,2
2026-07-21 10:00:32,폐놀이공원의 살인,청량리,2
2026-07-21 10:00:32,폐놀이공원의 살인,합정,1
2026-07-21 10:00:32,폐놀이공원의 살인,광교,2
2026-07-21 10:00:32,폐놀이공원의 살인,분당,1
2026-07-21 10:00:32,폐놀이공원의 살인,송도,0
2026-07-21 10:00:32,폐놀이공원의 살인,인천,0
2026-07-21 10:00:32,폐놀이공원의 살인,일산,2
2026-07-21 10:00:32,폐놀이공원의 살인,판교,0
2026-07-21 10:00:32,폐놀이공원의 살인,평촌,2
2026-07-21 10:00:32,폐놀이공원의 살인,경성대ㆍ부경대,0
2026-07-21 10:00:32,폐놀이공원의 살인,광주상무,1
2026-07-21 10:00:32,폐놀이공원의 살인,대구,0
2026-07-21 10:00:32,폐놀이공원의 살인,대전,0
2026-07-21 10:00:32,폐놀이공원의 살인,부산,21
2026-07-21 10:00:32,폐놀이공원의 살인,세종,1
2026-07-21 10:00:32,폐놀이공원의 살인,센텀시티,0
2026-07-21 10:00:32,폐놀이공원의 살인,울산,2
2026-07-21 10:00:32,폐놀이공원의 살인,전주,1
2026-07-21 10:00:32,폐놀이공원의 살인,창원,1
2026-07-21 10:00:32,폐놀이공원의 살인,천안,3
2026-07-21 10:00:32,폐놀이공원의 살인,칠곡,1
2026-07-21 10:00:32,폐놀이공원의 살인,해운대 팝업스토어,0
2026-07-21 10:10:16,폐놀이공원의 살인,광화문,3
2026-07-21 10:10:16,폐놀이공원의 살인,가든파이브,0
2026-07-21 10:10:16,폐놀이공원의 살인,강남,5
2026-07-21 10:10:16,폐놀이공원의 살인,건대,1
2026-07-21 10:10:16,폐놀이공원의 살인,동대문,1
2026-07-21 10:10:16,폐놀이공원의 살인,목동,2
2026-07-21 10:10:16,폐놀이공원의 살인,서울대,0
2026-07-21 10:10:16,폐놀이공원의 살인,수유,1
2026-07-21 10:10:16,폐놀이공원의 살인,영등포,2
2026-07-21 10:10:16,폐놀이공원의 살인,원그로브점,1
2026-07-21 10:10:16,폐놀이공원의 살인,은평,0
2026-07-21 10:10:16,폐놀이공원의 살인,이화여대,0
2026-07-21 10:10:16,폐놀이공원의 살인,잠실,2
2026-07-21 10:10:16,폐놀이공원의 살인,천호,2
2026-07-21 10:10:16,폐놀이공원의 살인,청량리,2
2026-07-21 10:10:16,폐놀이공원의 살인,합정,1
2026-07-21 10:10:16,폐놀이공원의 살인,광교,2
2026-07-21 10:10:16,폐놀이공원의 살인,분당,1
2026-07-21 10:10:16,폐놀이공원의 살인,송도,0
2026-07-21 10:10:16,폐놀이공원의 살인,인천,0
2026-07-21 10:10:16,폐놀이공원의 살인,일산,2
2026-07-21 10:10:16,폐놀이공원의 살인,판교,0
2026-07-21 10:10:16,폐놀이공원의 살인,평촌,2
2026-07-21 10:10:16,폐놀이공원의 살인,경성대ㆍ부경대,0
2026-07-21 10:10:16,폐놀이공원의 살인,광주상무,1
2026-07-21 10:10:16,폐놀이공원의 살인,대구,0
2026-07-21 10:10:16,폐놀이공원의 살인,대전,0
2026-07-21 10:10:16,폐놀이공원의 살인,부산,21
2026-07-21 10:10:16,폐놀이공원의 살인,세종,1
2026-07-21 10:10:16,폐놀이공원의 살인,센텀시티,0
2026-07-21 10:10:16,폐놀이공원의 살인,울산,2
2026-07-21 10:10:16,폐놀이공원의 살인,전주,1
2026-07-21 10:10:16,폐놀이공원의 살인,창원,1
2026-07-21 10:10:16,폐놀이공원의 살인,천안,3
2026-07-21 10:10:16,폐놀이공원의 살인,칠곡,1
2026-07-21 10:10:16,폐놀이공원의 살인,해운대 팝업스토어,0
2026-07-21 10:20:16,폐놀이공원의 살인,광화문,3
2026-07-21 10:20:16,폐놀이공원의 살인,가든파이브,0
2026-07-21 10:20:16,폐놀이공원의 살인,강남,5
2026-07-21 10:20:16,폐놀이공원의 살인,건대,1
2026-07-21 10:20:16,폐놀이공원의 살인,동대문,1
2026-07-21 10:20:16,폐놀이공원의 살인,목동,2
2026-07-21 10:20:16,폐놀이공원의 살인,서울대,0
2026-07-21 10:20:16,폐놀이공원의 살인,수유,1
2026-07-21 10:20:16,폐놀이공원의 살인,영등포,2
2026-07-21 10:20:16,폐놀이공원의 살인,원그로브점,1
2026-07-21 10:20:16,폐놀이공원의 살인,은평,0
2026-07-21 10:20:16,폐놀이공원의 살인,이화여대,0
2026-07-21 10:20:16,폐놀이공원의 살인,잠실,2
2026-07-21 10:20:16,폐놀이공원의 살인,천호,2
2026-07-21 10:20:16,폐놀이공원의 살인,청량리,2
2026-07-21 10:20:16,폐놀이공원의 살인,합정,1
2026-07-21 10:20:16,폐놀이공원의 살인,광교,2
2026-07-21 10:20:16,폐놀이공원의 살인,분당,1
2026-07-21 10:20:16,폐놀이공원의 살인,송도,0
2026-07-21 10:20:16,폐놀이공원의 살인,인천,0
2026-07-21 10:20:16,폐놀이공원의 살인,일산,2
2026-07-21 10:20:16,폐놀이공원의 살인,판교,0
2026-07-21 10:20:16,폐놀이공원의 살인,평촌,2
2026-07-21 10:20:16,폐놀이공원의 살인,경성대ㆍ부경대,0
2026-07-21 10:20:16,폐놀이공원의 살인,광주상무,1
2026-07-21 10:20:16,폐놀이공원의 살인,대구,0
2026-07-21 10:20:16,폐놀이공원의 살인,대전,0
2026-07-21 10:20:16,폐놀이공원의 살인,부산,21
2026-07-21 10:20:16,폐놀이공원의 살인,세종,1
2026-07-21 10:20:16,폐놀이공원의 살인,센텀시티,0
2026-07-21 10:20:16,폐놀이공원의 살인,울산,2
2026-07-21 10:20:16,폐놀이공원의 살인,전주,1
2026-07-21 10:20:16,폐놀이공원의 살인,창원,1
2026-07-21 10:20:16,폐놀이공원의 살인,천안,3
2026-07-21 10:20:16,폐놀이공원의 살인,칠곡,1
2026-07-21 10:20:16,폐놀이공원의 살인,해운대 팝업스토어,0
2026-07-21 10:30:23,폐놀이공원의 살인,광화문,3
2026-07-21 10:30:23,폐놀이공원의 살인,가든파이브,0
2026-07-21 10:30:23,폐놀이공원의 살인,강남,5
2026-07-21 10:30:23,폐놀이공원의 살인,건대,1
2026-07-21 10:30:23,폐놀이공원의 살인,동대문,1
2026-07-21 10:30:23,폐놀이공원의 살인,목동,2
2026-07-21 10:30:23,폐놀이공원의 살인,서울대,0
2026-07-21 10:30:23,폐놀이공원의 살인,수유,1
2026-07-21 10:30:23,폐놀이공원의 살인,영등포,2
2026-07-21 10:30:23,폐놀이공원의 살인,원그로브점,1
2026-07-21 10:30:23,폐놀이공원의 살인,은평,0
2026-07-21 10:30:23,폐놀이공원의 살인,이화여대,0
2026-07-21 10:30:23,폐놀이공원의 살인,잠실,2
2026-07-21 10:30:23,폐놀이공원의 살인,천호,2
2026-07-21 10:30:23,폐놀이공원의 살인,청량리,2
2026-07-21 10:30:23,폐놀이공원의 살인,합정,1
2026-07-21 10:30:23,폐놀이공원의 살인,광교,2
2026-07-21 10:30:23,폐놀이공원의 살인,분당,1
2026-07-21 10:30:23,폐놀이공원의 살인,송도,0
2026-07-21 10:30:23,폐놀이공원의 살인,인천,0
2026-07-21 10:30:23,폐놀이공원의 살인,일산,2
2026-07-21 10:30:23,폐놀이공원의 살인,판교,0
2026-07-21 10:30:23,폐놀이공원의 살인,평촌,2
2026-07-21 10:30:23,폐놀이공원의 살인,경성대ㆍ부경대,0
2026-07-21 10:30:23,폐놀이공원의 살인,광주상무,1
2026-07-21 10:30:23,폐놀이공원의 살인,대구,0
2026-07-21 10:30:23,폐놀이공원의 살인,대전,0
2026-07-21 10:30:23,폐놀이공원의 살인,부산,21
2026-07-21 10:30:23,폐놀이공원의 살인,세종,1
2026-07-21 10:30:23,폐놀이공원의 살인,센텀시티,0
2026-07-21 10:30:23,폐놀이공원의 살인,울산,2
2026-07-21 10:30:23,폐놀이공원의 살인,전주,1
2026-07-21 10:30:23,폐놀이공원의 살인,창원,1
2026-07-21 10:30:23,폐놀이공원의 살인,천안,3
2026-07-21 10:30:23,폐놀이공원의 살인,칠곡,1
2026-07-21 10:30:23,폐놀이공원의 살인,해운대 팝업스토어,0
2026-07-21 10:40:21,폐놀이공원의 살인,광화문,3
2026-07-21 10:40:21,폐놀이공원의 살인,가든파이브,0
2026-07-21 10:40:21,폐놀이공원의 살인,강남,5
2026-07-21 10:40:21,폐놀이공원의 살인,건대,1
2026-07-21 10:40:21,폐놀이공원의 살인,동대문,1
2026-07-21 10:40:21,폐놀이공원의 살인,목동,2
2026-07-21 10:40:21,폐놀이공원의 살인,서울대,0
2026-07-21 10:40:21,폐놀이공원의 살인,수유,1
2026-07-21 10:40:21,폐놀이공원의 살인,영등포,2
2026-07-21 10:40:21,폐놀이공원의 살인,원그로브점,1
2026-07-21 10:40:21,폐놀이공원의 살인,은평,0
2026-07-21 10:40:21,폐놀이공원의 살인,이화여대,0
2026-07-21 10:40:21,폐놀이공원의 살인,잠실,2
2026-07-21 10:40:21,폐놀이공원의 살인,천호,2
2026-07-21 10:40:21,폐놀이공원의 살인,청량리,2
2026-07-21 10:40:21,폐놀이공원의 살인,합정,1
2026-07-21 10:40:21,폐놀이공원의 살인,광교,2
2026-07-21 10:40:21,폐놀이공원의 살인,분당,1
2026-07-21 10:40:21,폐놀이공원의 살인,송도,0
2026-07-21 10:40:21,폐놀이공원의 살인,인천,0
2026-07-21 10:40:21,폐놀이공원의 살인,일산,2
2026-07-21 10:40:21,폐놀이공원의 살인,판교,0
2026-07-21 10:40:21,폐놀이공원의 살인,평촌,2
2026-07-21 10:40:21,폐놀이공원의 살인,경성대ㆍ부경대,0
2026-07-21 10:40:21,폐놀이공원의 살인,광주상무,1
2026-07-21 10:40:21,폐놀이공원의 살인,대구,0
2026-07-21 10:40:21,폐놀이공원의 살인,대전,0
2026-07-21 10:40:21,폐놀이공원의 살인,부산,21
2026-07-21 10:40:21,폐놀이공원의 살인,세종,1
2026-07-21 10:40:21,폐놀이공원의 살인,센텀시티,0
2026-07-21 10:40:21,폐놀이공원의 살인,울산,2
2026-07-21 10:40:21,폐놀이공원의 살인,전주,1
2026-07-21 10:40:21,폐놀이공원의 살인,창원,1
2026-07-21 10:40:21,폐놀이공원의 살인,천안,3
2026-07-21 10:40:21,폐놀이공원의 살인,칠곡,1
2026-07-21 10:40:21,폐놀이공원의 살인,해운대 팝업스토어,0
2026-07-21 10:50:21,폐놀이공원의 살인,광화문,3
2026-07-21 10:50:21,폐놀이공원의 살인,가든파이브,0
2026-07-21 10:50:21,폐놀이공원의 살인,강남,5
2026-07-21 10:50:21,폐놀이공원의 살인,건대,1
2026-07-21 10:50:21,폐놀이공원의 살인,동대문,1
2026-07-21 10:50:21,폐놀이공원의 살인,목동,2
2026-07-21 10:50:21,폐놀이공원의 살인,서울대,0
2026-07-21 10:50:21,폐놀이공원의 살인,수유,1
2026-07-21 10:50:21,폐놀이공원의 살인,영등포,2
2026-07-21 10:50:21,폐놀이공원의 살인,원그로브점,1
2026-07-21 10:50:21,폐놀이공원의 살인,은평,0
2026-07-21 10:50:21,폐놀이공원의 살인,이화여대,0
2026-07-21 10:50:21,폐놀이공원의 살인,잠실,2
2026-07-21 10:50:21,폐놀이공원의 살인,천호,2
2026-07-21 10:50:21,폐놀이공원의 살인,청량리,2
2026-07-21 10:50:21,폐놀이공원의 살인,합정,1
2026-07-21 10:50:21,폐놀이공원의 살인,광교,2
2026-07-21 10:50:21,폐놀이공원의 살인,분당,1
2026-07-21 10:50:21,폐놀이공원의 살인,송도,0
2026-07-21 10:50:21,폐놀이공원의 살인,인천,0
2026-07-21 10:50:21,폐놀이공원의 살인,일산,2
2026-07-21 10:50:21,폐놀이공원의 살인,판교,0
2026-07-21 10:50:21,폐놀이공원의 살인,평촌,2
2026-07-21 10:50:21,폐놀이공원의 살인,경성대ㆍ부경대,0
2026-07-21 10:50:21,폐놀이공원의 살인,광주상무,1
2026-07-21 10:50:21,폐놀이공원의 살인,대구,0
2026-07-21 10:50:21,폐놀이공원의 살인,대전,0
2026-07-21 10:50:21,폐놀이공원의 살인,부산,21
2026-07-21 10:50:21,폐놀이공원의 살인,세종,1
2026-07-21 10:50:21,폐놀이공원의 살인,센텀시티,0
2026-07-21 10:50:21,폐놀이공원의 살인,울산,2
2026-07-21 10:50:21,폐놀이공원의 살인,전주,1
2026-07-21 10:50:21,폐놀이공원의 살인,창원,1
2026-07-21 10:50:21,폐놀이공원의 살인,천안,3
2026-07-21 10:50:21,폐놀이공원의 살인,칠곡,1
2026-07-21 10:50:21,폐놀이공원의 살인,해운대 팝업스토어,0
2026-07-21 11:00:40,폐놀이공원의 살인,광화문,3
2026-07-21 11:00:40,폐놀이공원의 살인,가든파이브,0
2026-07-21 11:00:40,폐놀이공원의 살인,강남,5
2026-07-21 11:00:40,폐놀이공원의 살인,건대,1
2026-07-21 11:00:40,폐놀이공원의 살인,동대문,1
2026-07-21 11:00:40,폐놀이공원의 살인,목동,2
2026-07-21 11:00:40,폐놀이공원의 살인,서울대,0
2026-07-21 11:00:40,폐놀이공원의 살인,수유,1
2026-07-21 11:00:40,폐놀이공원의 살인,영등포,2
2026-07-21 11:00:40,폐놀이공원의 살인,원그로브점,1
2026-07-21 11:00:40,폐놀이공원의 살인,은평,0
2026-07-21 11:00:40,폐놀이공원의 살인,이화여대,0
2026-07-21 11:00:40,폐놀이공원의 살인,잠실,3
2026-07-21 11:00:40,폐놀이공원의 살인,천호,2
2026-07-21 11:00:40,폐놀이공원의 살인,청량리,2
2026-07-21 11:00:40,폐놀이공원의 살인,합정,1
2026-07-21 11:00:40,폐놀이공원의 살인,광교,2
2026-07-21 11:00:40,폐놀이공원의 살인,분당,1
2026-07-21 11:00:40,폐놀이공원의 살인,송도,0
2026-07-21 11:00:40,폐놀이공원의 살인,인천,0
2026-07-21 11:00:40,폐놀이공원의 살인,일산,2
2026-07-21 11:00:40,폐놀이공원의 살인,판교,0
2026-07-21 11:00:40,폐놀이공원의 살인,평촌,2
2026-07-21 11:00:40,폐놀이공원의 살인,경성대ㆍ부경대,0
2026-07-21 11:00:40,폐놀이공원의 살인,광주상무,1
2026-07-21 11:00:40,폐놀이공원의 살인,대구,0
2026-07-21 11:00:40,폐놀이공원의 살인,대전,0
2026-07-21 11:00:40,폐놀이공원의 살인,부산,21
2026-07-21 11:00:40,폐놀이공원의 살인,세종,1
2026-07-21 11:00:40,폐놀이공원의 살인,센텀시티,0
2026-07-21 11:00:40,폐놀이공원의 살인,울산,2
2026-07-21 11:00:40,폐놀이공원의 살인,전주,1
2026-07-21 11:00:40,폐놀이공원의 살인,창원,1
2026-07-21 11:00:40,폐놀이공원의 살인,천안,3
2026-07-21 11:00:40,폐놀이공원의 살인,칠곡,1
2026-07-21 11:00:40,폐놀이공원의 살인,해운대 팝업스토어,0
2026-07-21 11:10:18,폐놀이공원의 살인,광화문,3
2026-07-21 11:10:18,폐놀이공원의 살인,가든파이브,0
2026-07-21 11:10:18,폐놀이공원의 살인,강남,5
2026-07-21 11:10:18,폐놀이공원의 살인,건대,1
2026-07-21 11:10:18,폐놀이공원의 살인,동대문,1
2026-07-21 11:10:18,폐놀이공원의 살인,목동,2
2026-07-21 11:10:18,폐놀이공원의 살인,서울대,0
2026-07-21 11:10:18,폐놀이공원의 살인,수유,1
2026-07-21 11:10:18,폐놀이공원의 살인,영등포,2
2026-07-21 11:10:18,폐놀이공원의 살인,원그로브점,1
2026-07-21 11:10:18,폐놀이공원의 살인,은평,0
2026-07-21 11:10:18,폐놀이공원의 살인,이화여대,0
2026-07-21 11:10:18,폐놀이공원의 살인,잠실,3
2026-07-21 11:10:18,폐놀이공원의 살인,천호,2
2026-07-21 11:10:18,폐놀이공원의 살인,청량리,2
2026-07-21 11:10:18,폐놀이공원의 살인,합정,1
2026-07-21 11:10:18,폐놀이공원의 살인,광교,2
2026-07-21 11:10:18,폐놀이공원의 살인,분당,3
2026-07-21 11:10:18,폐놀이공원의 살인,송도,0
2026-07-21 11:10:18,폐놀이공원의 살인,인천,0
2026-07-21 11:10:18,폐놀이공원의 살인,일산,2
2026-07-21 11:10:18,폐놀이공원의 살인,판교,1
2026-07-21 11:10:18,폐놀이공원의 살인,평촌,2
2026-07-21 11:10:18,폐놀이공원의 살인,경성대ㆍ부경대,0
2026-07-21 11:10:18,폐놀이공원의 살인,광주상무,1
2026-07-21 11:10:18,폐놀이공원의 살인,대구,0
2026-07-21 11:10:18,폐놀이공원의 살인,대전,0
2026-07-21 11:10:18,폐놀이공원의 살인,부산,21
2026-07-21 11:10:18,폐놀이공원의 살인,세종,1
2026-07-21 11:10:18,폐놀이공원의 살인,센텀시티,0
2026-07-21 11:10:18,폐놀이공원의 살인,울산,2
2026-07-21 11:10:18,폐놀이공원의 살인,전주,1
2026-07-21 11:10:18,폐놀이공원의 살인,창원,1
2026-07-21 11:10:18,폐놀이공원의 살인,천안,3
2026-07-21 11:10:18,폐놀이공원의 살인,칠곡,1
2026-07-21 11:10:18,폐놀이공원의 살인,해운대 팝업스토어,0
2026-07-21 11:20:18,폐놀이공원의 살인,광화문,3
2026-07-21 11:20:18,폐놀이공원의 살인,가든파이브,0
2026-07-21 11:20:18,폐놀이공원의 살인,강남,5
2026-07-21 11:20:18,폐놀이공원의 살인,건대,1
2026-07-21 11:20:18,폐놀이공원의 살인,동대문,1
2026-07-21 11:20:18,폐놀이공원의 살인,목동,2
2026-07-21 11:20:18,폐놀이공원의 살인,서울대,0
2026-07-21 11:20:18,폐놀이공원의 살인,수유,1
2026-07-21 11:20:18,폐놀이공원의 살인,영등포,2
2026-07-21 11:20:18,폐놀이공원의 살인,원그로브점,1
2026-07-21 11:20:18,폐놀이공원의 살인,은평,0
2026-07-21 11:20:18,폐놀이공원의 살인,이화여대,0
2026-07-21 11:20:18,폐놀이공원의 살인,잠실,3
2026-07-21 11:20:18,폐놀이공원의 살인,천호,2
2026-07-21 11:20:18,폐놀이공원의 살인,청량리,2
2026-07-21 11:20:18,폐놀이공원의 살인,합정,1
2026-07-21 11:20:18,폐놀이공원의 살인,광교,2
2026-07-21 11:20:18,폐놀이공원의 살인,분당,3
2026-07-21 11:20:18,폐놀이공원의 살인,송도,0
2026-07-21 11:20:18,폐놀이공원의 살인,인천,0
2026-07-21 11:20:18,폐놀이공원의 살인,일산,2
2026-07-21 11:20:18,폐놀이공원의 살인,판교,1
2026-07-21 11:20:18,폐놀이공원의 살인,평촌,2
2026-07-21 11:20:18,폐놀이공원의 살인,경성대ㆍ부경대,0
2026-07-21 11:20:18,폐놀이공원의 살인,광주상무,1
2026-07-21 11:20:18,폐놀이공원의 살인,대구,0
2026-07-21 11:20:18,폐놀이공원의 살인,대전,0
2026-07-21 11:20:18,폐놀이공원의 살인,부산,21
2026-07-21 11:20:18,폐놀이공원의 살인,세종,1
2026-07-21 11:20:18,폐놀이공원의 살인,센텀시티,0
2026-07-21 11:20:18,폐놀이공원의 살인,울산,2
2026-07-21 11:20:18,폐놀이공원의 살인,전주,1
2026-07-21 11:20:18,폐놀이공원의 살인,창원,1
2026-07-21 11:20:18,폐놀이공원의 살인,천안,3
2026-07-21 11:20:18,폐놀이공원의 살인,칠곡,1
2026-07-21 11:20:18,폐놀이공원의 살인,해운대 팝업스토어,0
2026-07-21 11:30:22,폐놀이공원의 살인,광화문,3
2026-07-21 11:30:22,폐놀이공원의 살인,가든파이브,0
2026-07-21 11:30:22,폐놀이공원의 살인,강남,5
2026-07-21 11:30:22,폐놀이공원의 살인,건대,1
2026-07-21 11:30:22,폐놀이공원의 살인,동대문,1
2026-07-21 11:30:22,폐놀이공원의 살인,목동,2
2026-07-21 11:30:22,폐놀이공원의 살인,서울대,0
2026-07-21 11:30:22,폐놀이공원의 살인,수유,1
2026-07-21 11:30:22,폐놀이공원의 살인,영등포,2
2026-07-21 11:30:22,폐놀이공원의 살인,원그로브점,1
2026-07-21 11:30:22,폐놀이공원의 살인,은평,0
2026-07-21 11:30:22,폐놀이공원의 살인,이화여대,0
2026-07-21 11:30:22,폐놀이공원의 살인,잠실,3
2026-07-21 11:30:22,폐놀이공원의 살인,천호,2
2026-07-21 11:30:22,폐놀이공원의 살인,청량리,2
2026-07-21 11:30:22,폐놀이공원의 살인,합정,1
2026-07-21 11:30:22,폐놀이공원의 살인,광교,2
2026-07-21 11:30:22,폐놀이공원의 살인,분당,3
2026-07-21 11:30:22,폐놀이공원의 살인,송도,0
2026-07-21 11:30:22,폐놀이공원의 살인,인천,0
2026-07-21 11:30:22,폐놀이공원의 살인,일산,2
2026-07-21 11:30:22,폐놀이공원의 살인,판교,1
2026-07-21 11:30:22,폐놀이공원의 살인,평촌,2
2026-07-21 11:30:22,폐놀이공원의 살인,경성대ㆍ부경대,0
2026-07-21 11:30:22,폐놀이공원의 살인,광주상무,1
2026-07-21 11:30:22,폐놀이공원의 살인,대구,0
2026-07-21 11:30:22,폐놀이공원의 살인,대전,0
2026-07-21 11:30:22,폐놀이공원의 살인,부산,21
2026-07-21 11:30:22,폐놀이공원의 살인,세종,1
2026-07-21 11:30:22,폐놀이공원의 살인,센텀시티,0
2026-07-21 11:30:22,폐놀이공원의 살인,울산,2
2026-07-21 11:30:22,폐놀이공원의 살인,전주,1
2026-07-21 11:30:22,폐놀이공원의 살인,창원,1
2026-07-21 11:30:22,폐놀이공원의 살인,천안,3
2026-07-21 11:30:22,폐놀이공원의 살인,칠곡,1
2026-07-21 11:30:22,폐놀이공원의 살인,해운대 팝업스토어,0
2026-07-21 11:40:15,폐놀이공원의 살인,광화문,3
2026-07-21 11:40:15,폐놀이공원의 살인,가든파이브,0
2026-07-21 11:40:15,폐놀이공원의 살인,강남,5
2026-07-21 11:40:15,폐놀이공원의 살인,건대,1
2026-07-21 11:40:15,폐놀이공원의 살인,동대문,1
2026-07-21 11:40:15,폐놀이공원의 살인,목동,2
2026-07-21 11:40:15,폐놀이공원의 살인,서울대,0
2026-07-21 11:40:15,폐놀이공원의 살인,수유,1
2026-07-21 11:40:15,폐놀이공원의 살인,영등포,2
2026-07-21 11:40:15,폐놀이공원의 살인,원그로브점,1
2026-07-21 11:40:15,폐놀이공원의 살인,은평,0
2026-07-21 11:40:15,폐놀이공원의 살인,이화여대,0
2026-07-21 11:40:15,폐놀이공원의 살인,잠실,3
2026-07-21 11:40:15,폐놀이공원의 살인,천호,2
2026-07-21 11:40:15,폐놀이공원의 살인,청량리,2
2026-07-21 11:40:15,폐놀이공원의 살인,합정,1
2026-07-21 11:40:15,폐놀이공원의 살인,광교,2
2026-07-21 11:40:15,폐놀이공원의 살인,분당,3
2026-07-21 11:40:15,폐놀이공원의 살인,송도,0
2026-07-21 11:40:15,폐놀이공원의 살인,인천,0
2026-07-21 11:40:15,폐놀이공원의 살인,일산,2
2026-07-21 11:40:15,폐놀이공원의 살인,판교,1
2026-07-21 11:40:15,폐놀이공원의 살인,평촌,2
2026-07-21 11:40:15,폐놀이공원의 살인,경성대ㆍ부경대,0
2026-07-21 11:40:15,폐놀이공원의 살인,광주상무,1
2026-07-21 11:40:15,폐놀이공원의 살인,대구,0
2026-07-21 11:40:15,폐놀이공원의 살인,대전,0
2026-07-21 11:40:15,폐놀이공원의 살인,부산,21
2026-07-21 11:40:15,폐놀이공원의 살인,세종,1
2026-07-21 11:40:15,폐놀이공원의 살인,센텀시티,0
2026-07-21 11:40:15,폐놀이공원의 살인,울산,2
2026-07-21 11:40:15,폐놀이공원의 살인,전주,1
2026-07-21 11:40:15,폐놀이공원의 살인,창원,1
2026-07-21 11:40:15,폐놀이공원의 살인,천안,3
2026-07-21 11:40:15,폐놀이공원의 살인,칠곡,1
2026-07-21 11:40:15,폐놀이공원의 살인,해운대 팝업스토어,0
2026-07-21 11:50:18,폐놀이공원의 살인,광화문,3
2026-07-21 11:50:18,폐놀이공원의 살인,가든파이브,0
2026-07-21 11:50:18,폐놀이공원의 살인,강남,5
2026-07-21 11:50:18,폐놀이공원의 살인,건대,1
2026-07-21 11:50:18,폐놀이공원의 살인,동대문,1
2026-07-21 11:50:18,폐놀이공원의 살인,목동,2
2026-07-21 11:50:18,폐놀이공원의 살인,서울대,0
2026-07-21 11:50:18,폐놀이공원의 살인,수유,1
2026-07-21 11:50:18,폐놀이공원의 살인,영등포,2
2026-07-21 11:50:18,폐놀이공원의 살인,원그로브점,1
2026-07-21 11:50:18,폐놀이공원의 살인,은평,0
2026-07-21 11:50:18,폐놀이공원의 살인,이화여대,0
2026-07-21 11:50:18,폐놀이공원의 살인,잠실,3
2026-07-21 11:50:18,폐놀이공원의 살인,천호,2
2026-07-21 11:50:18,폐놀이공원의 살인,청량리,2
2026-07-21 11:50:18,폐놀이공원의 살인,합정,1
2026-07-21 11:50:18,폐놀이공원의 살인,광교,2
2026-07-21 11:50:18,폐놀이공원의 살인,분당,3
2026-07-21 11:50:18,폐놀이공원의 살인,송도,0
2026-07-21 11:50:18,폐놀이공원의 살인,인천,0
2026-07-21 11:50:18,폐놀이공원의 살인,일산,2
2026-07-21 11:50:18,폐놀이공원의 살인,판교,1
2026-07-21 11:50:18,폐놀이공원의 살인,평촌,2
2026-07-21 11:50:18,폐놀이공원의 살인,경성대ㆍ부경대,0
2026-07-21 11:50:18,폐놀이공원의 살인,광주상무,1
2026-07-21 11:50:18,폐놀이공원의 살인,대구,0
2026-07-21 11:50:18,폐놀이공원의 살인,대전,0
2026-07-21 11:50:18,폐놀이공원의 살인,부산,21
2026-07-21 11:50:18,폐놀이공원의 살인,세종,1
2026-07-21 11:50:18,폐놀이공원의 살인,센텀시티,0
2026-07-21 11:50:18,폐놀이공원의 살인,울산,2
2026-07-21 11:50:18,폐놀이공원의 살인,전주,1
2026-07-21 11:50:18,폐놀이공원의 살인,창원,1
2026-07-21 11:50:18,폐놀이공원의 살인,천안,3
2026-07-21 11:50:18,폐놀이공원의 살인,칠곡,1
2026-07-21 11:50:18,폐놀이공원의 살인,해운대 팝업스토어,0
2026-07-21 12:00:37,폐놀이공원의 살인,광화문,3
2026-07-21 12:00:37,폐놀이공원의 살인,가든파이브,0
2026-07-21 12:00:37,폐놀이공원의 살인,강남,5
2026-07-21 12:00:37,폐놀이공원의 살인,건대,1
2026-07-21 12:00:37,폐놀이공원의 살인,동대문,1
2026-07-21 12:00:37,폐놀이공원의 살인,목동,2
2026-07-21 12:00:37,폐놀이공원의 살인,서울대,0
2026-07-21 12:00:37,폐놀이공원의 살인,수유,1
2026-07-21 12:00:37,폐놀이공원의 살인,영등포,2
2026-07-21 12:00:37,폐놀이공원의 살인,원그로브점,1
2026-07-21 12:00:37,폐놀이공원의 살인,은평,0
2026-07-21 12:00:37,폐놀이공원의 살인,이화여대,0
2026-07-21 12:00:37,폐놀이공원의 살인,잠실,3
2026-07-21 12:00:37,폐놀이공원의 살인,천호,2
2026-07-21 12:00:37,폐놀이공원의 살인,청량리,2
2026-07-21 12:00:37,폐놀이공원의 살인,합정,1
2026-07-21 12:00:37,폐놀이공원의 살인,광교,2
2026-07-21 12:00:37,폐놀이공원의 살인,분당,3
2026-07-21 12:00:37,폐놀이공원의 살인,송도,0
2026-07-21 12:00:37,폐놀이공원의 살인,인천,0
2026-07-21 12:00:37,폐놀이공원의 살인,일산,2
2026-07-21 12:00:37,폐놀이공원의 살인,판교,1
2026-07-21 12:00:37,폐놀이공원의 살인,평촌,2
2026-07-21 12:00:37,폐놀이공원의 살인,경성대ㆍ부경대,0
2026-07-21 12:00:37,폐놀이공원의 살인,광주상무,1
2026-07-21 12:00:37,폐놀이공원의 살인,대구,0
2026-07-21 12:00:37,폐놀이공원의 살인,대전,0
2026-07-21 12:00:37,폐놀이공원의 살인,부산,21
2026-07-21 12:00:37,폐놀이공원의 살인,세종,1
2026-07-21 12:00:37,폐놀이공원의 살인,센텀시티,0
2026-07-21 12:00:37,폐놀이공원의 살인,울산,2
2026-07-21 12:00:37,폐놀이공원의 살인,전주,1
2026-07-21 12:00:37,폐놀이공원의 살인,창원,1
2026-07-21 12:00:37,폐놀이공원의 살인,천안,3
2026-07-21 12:00:37,폐놀이공원의 살인,칠곡,1
2026-07-21 12:00:37,폐놀이공원의 살인,해운대 팝업스토어,0
